AssemblyAccession	Taxid	SpeciesTaxid	Organism	AssemblyStatus	RefSeq_category	FtpPath_GenBank	FtpPath_RefSeq	FtpPath_Assembly_rpt
GCF_022453665.1	818	818	Bacteroides thetaiotaomicron (CFB group bacteria)	Complete Genome	na	ftp://ftp.ncbi.nlm.nih.gov/genomes/all/GCA/022/453/665/GCA_022453665.1_ASM2245366v1	ftp://ftp.ncbi.nlm.nih.gov/genomes/all/GCF/022/453/665/GCF_022453665.1_ASM2245366v1	ftp://ftp.ncbi.nlm.nih.gov/genomes/all/GCF/022/453/665/GCF_022453665.1_ASM2245366v1/GCF_022453665.1_ASM2245366v1_assembly_report.txt
GCF_021359585.1	817	817	Bacteroides fragilis (CFB group bacteria)	Complete Genome	na	ftp://ftp.ncbi.nlm.nih.gov/genomes/all/GCA/021/359/585/GCA_021359585.1_ASM2135958v1	ftp://ftp.ncbi.nlm.nih.gov/genomes/all/GCF/021/359/585/GCF_021359585.1_ASM2135958v1	ftp://ftp.ncbi.nlm.nih.gov/genomes/all/GCF/021/359/585/GCF_021359585.1_ASM2135958v1/GCF_021359585.1_ASM2135958v1_assembly_report.txt
GCF_021359565.1	817	817	Bacteroides fragilis (CFB group bacteria)	Complete Genome	na	ftp://ftp.ncbi.nlm.nih.gov/genomes/all/GCA/021/359/565/GCA_021359565.1_ASM2135956v1	ftp://ftp.ncbi.nlm.nih.gov/genomes/all/GCF/021/359/565/GCF_021359565.1_ASM2135956v1	ftp://ftp.ncbi.nlm.nih.gov/genomes/all/GCF/021/359/565/GCF_021359565.1_ASM2135956v1/GCF_021359565.1_ASM2135956v1_assembly_report.txt
GCF_020885855.1	821	821	Phocaeicola vulgatus (CFB group bacteria)	Complete Genome	representative genome	ftp://ftp.ncbi.nlm.nih.gov/genomes/all/GCA/020/885/855/GCA_020885855.1_ASM2088585v1	ftp://ftp.ncbi.nlm.nih.gov/genomes/all/GCF/020/885/855/GCF_020885855.1_ASM2088585v1	ftp://ftp.ncbi.nlm.nih.gov/genomes/all/GCF/020/885/855/GCF_020885855.1_ASM2088585v1/GCF_020885855.1_ASM2088585v1_assembly_report.txt
GCF_020885775.1	821	821	Phocaeicola vulgatus (CFB group bacteria)	Complete Genome	na	ftp://ftp.ncbi.nlm.nih.gov/genomes/all/GCA/020/885/775/GCA_020885775.1_ASM2088577v1	ftp://ftp.ncbi.nlm.nih.gov/genomes/all/GCF/020/885/775/GCF_020885775.1_ASM2088577v1	ftp://ftp.ncbi.nlm.nih.gov/genomes/all/GCF/020/885/775/GCF_020885775.1_ASM2088577v1/GCF_020885775.1_ASM2088577v1_assembly_report.txt
GCF_020885715.1	821	821	Phocaeicola vulgatus (CFB group bacteria)	Complete Genome	na	ftp://ftp.ncbi.nlm.nih.gov/genomes/all/GCA/020/885/715/GCA_020885715.1_ASM2088571v1	ftp://ftp.ncbi.nlm.nih.gov/genomes/all/GCF/020/885/715/GCF_020885715.1_ASM2088571v1	ftp://ftp.ncbi.nlm.nih.gov/genomes/all/GCF/020/885/715/GCF_020885715.1_ASM2088571v1/GCF_020885715.1_ASM2088571v1_assembly_report.txt
GCF_020550085.1	2884447	2884447	Bacteroides sp. KGMB10229 (CFB group bacteria)	Complete Genome	na	ftp://ftp.ncbi.nlm.nih.gov/genomes/all/GCA/020/550/085/GCA_020550085.1_ASM2055008v1	ftp://ftp.ncbi.nlm.nih.gov/genomes/all/GCF/020/550/085/GCF_020550085.1_ASM2055008v1	ftp://ftp.ncbi.nlm.nih.gov/genomes/all/GCF/020/550/085/GCF_020550085.1_ASM2055008v1/GCF_020550085.1_ASM2055008v1_assembly_report.txt
GCF_017309675.2	2792859	2792859	Bacteroides sp. KGMB07931 (CFB group bacteria)	Complete Genome	na	ftp://ftp.ncbi.nlm.nih.gov/genomes/all/GCA/017/309/675/GCA_017309675.2_ASM1730967v2	ftp://ftp.ncbi.nlm.nih.gov/genomes/all/GCF/017/309/675/GCF_017309675.2_ASM1730967v2	ftp://ftp.ncbi.nlm.nih.gov/genomes/all/GCF/017/309/675/GCF_017309675.2_ASM1730967v2/GCF_017309675.2_ASM1730967v2_assembly_report.txt
GCF_020097275.1	817	817	Bacteroides fragilis (CFB group bacteria)	Complete Genome	na	ftp://ftp.ncbi.nlm.nih.gov/genomes/all/GCA/020/097/275/GCA_020097275.1_ASM2009727v1	ftp://ftp.ncbi.nlm.nih.gov/genomes/all/GCF/020/097/275/GCF_020097275.1_ASM2009727v1	ftp://ftp.ncbi.nlm.nih.gov/genomes/all/GCF/020/097/275/GCF_020097275.1_ASM2009727v1/GCF_020097275.1_ASM2009727v1_assembly_report.txt
GCF_020091565.1	817	817	Bacteroides fragilis (CFB group bacteria)	Complete Genome	na	ftp://ftp.ncbi.nlm.nih.gov/genomes/all/GCA/020/091/565/GCA_020091565.1_ASM2009156v1	ftp://ftp.ncbi.nlm.nih.gov/genomes/all/GCF/020/091/565/GCF_020091565.1_ASM2009156v1	ftp://ftp.ncbi.nlm.nih.gov/genomes/all/GCF/020/091/565/GCF_020091565.1_ASM2009156v1/GCF_020091565.1_ASM2009156v1_assembly_report.txt
GCF_020091545.1	47678	47678	Bacteroides caccae (CFB group bacteria)	Complete Genome	na	ftp://ftp.ncbi.nlm.nih.gov/genomes/all/GCA/020/091/545/GCA_020091545.1_ASM2009154v1	ftp://ftp.ncbi.nlm.nih.gov/genomes/all/GCF/020/091/545/GCF_020091545.1_ASM2009154v1	ftp://ftp.ncbi.nlm.nih.gov/genomes/all/GCF/020/091/545/GCF_020091545.1_ASM2009154v1/GCF_020091545.1_ASM2009154v1_assembly_report.txt
GCF_020091525.1	28116	28116	Bacteroides ovatus (CFB group bacteria)	Complete Genome	na	ftp://ftp.ncbi.nlm.nih.gov/genomes/all/GCA/020/091/525/GCA_020091525.1_ASM2009152v1	ftp://ftp.ncbi.nlm.nih.gov/genomes/all/GCF/020/091/525/GCF_020091525.1_ASM2009152v1	ftp://ftp.ncbi.nlm.nih.gov/genomes/all/GCF/020/091/525/GCF_020091525.1_ASM2009152v1/GCF_020091525.1_ASM2009152v1_assembly_report.txt
GCF_020091505.1	674529	674529	Bacteroides faecis (CFB group bacteria)	Complete Genome	representative genome	ftp://ftp.ncbi.nlm.nih.gov/genomes/all/GCA/020/091/505/GCA_020091505.1_ASM2009150v1	ftp://ftp.ncbi.nlm.nih.gov/genomes/all/GCF/020/091/505/GCF_020091505.1_ASM2009150v1	ftp://ftp.ncbi.nlm.nih.gov/genomes/all/GCF/020/091/505/GCF_020091505.1_ASM2009150v1/GCF_020091505.1_ASM2009150v1_assembly_report.txt
GCF_020091485.1	46506	46506	Bacteroides stercoris (CFB group bacteria)	Complete Genome	representative genome	ftp://ftp.ncbi.nlm.nih.gov/genomes/all/GCA/020/091/485/GCA_020091485.1_ASM2009148v1	ftp://ftp.ncbi.nlm.nih.gov/genomes/all/GCF/020/091/485/GCF_020091485.1_ASM2009148v1	ftp://ftp.ncbi.nlm.nih.gov/genomes/all/GCF/020/091/485/GCF_020091485.1_ASM2009148v1/GCF_020091485.1_ASM2009148v1_assembly_report.txt
GCF_020091465.1	821	821	Phocaeicola vulgatus (CFB group bacteria)	Complete Genome	na	ftp://ftp.ncbi.nlm.nih.gov/genomes/all/GCA/020/091/465/GCA_020091465.1_ASM2009146v1	ftp://ftp.ncbi.nlm.nih.gov/genomes/all/GCF/020/091/465/GCF_020091465.1_ASM2009146v1	ftp://ftp.ncbi.nlm.nih.gov/genomes/all/GCF/020/091/465/GCF_020091465.1_ASM2009146v1/GCF_020091465.1_ASM2009146v1_assembly_report.txt
GCF_020091405.1	246787	246787	Bacteroides cellulosilyticus (CFB group bacteria)	Complete Genome	na	ftp://ftp.ncbi.nlm.nih.gov/genomes/all/GCA/020/091/405/GCA_020091405.1_ASM2009140v1	ftp://ftp.ncbi.nlm.nih.gov/genomes/all/GCF/020/091/405/GCF_020091405.1_ASM2009140v1	ftp://ftp.ncbi.nlm.nih.gov/genomes/all/GCF/020/091/405/GCF_020091405.1_ASM2009140v1/GCF_020091405.1_ASM2009140v1_assembly_report.txt
GCF_020091385.1	291644	291644	Bacteroides salyersiae (CFB group bacteria)	Complete Genome	na	ftp://ftp.ncbi.nlm.nih.gov/genomes/all/GCA/020/091/385/GCA_020091385.1_ASM2009138v1	ftp://ftp.ncbi.nlm.nih.gov/genomes/all/GCF/020/091/385/GCF_020091385.1_ASM2009138v1	ftp://ftp.ncbi.nlm.nih.gov/genomes/all/GCF/020/091/385/GCF_020091385.1_ASM2009138v1/GCF_020091385.1_ASM2009138v1_assembly_report.txt
GCF_020091345.1	291644	291644	Bacteroides salyersiae (CFB group bacteria)	Complete Genome	na	ftp://ftp.ncbi.nlm.nih.gov/genomes/all/GCA/020/091/345/GCA_020091345.1_ASM2009134v1	ftp://ftp.ncbi.nlm.nih.gov/genomes/all/GCF/020/091/345/GCF_020091345.1_ASM2009134v1	ftp://ftp.ncbi.nlm.nih.gov/genomes/all/GCF/020/091/345/GCF_020091345.1_ASM2009134v1/GCF_020091345.1_ASM2009134v1_assembly_report.txt
GCF_020091305.1	818	818	Bacteroides thetaiotaomicron (CFB group bacteria)	Complete Genome	na	ftp://ftp.ncbi.nlm.nih.gov/genomes/all/GCA/020/091/305/GCA_020091305.1_ASM2009130v1	ftp://ftp.ncbi.nlm.nih.gov/genomes/all/GCF/020/091/305/GCF_020091305.1_ASM2009130v1	ftp://ftp.ncbi.nlm.nih.gov/genomes/all/GCF/020/091/305/GCF_020091305.1_ASM2009130v1/GCF_020091305.1_ASM2009130v1_assembly_report.txt
GCF_019930665.1	291645	291645	Bacteroides nordii (CFB group bacteria)	Complete Genome	representative genome	ftp://ftp.ncbi.nlm.nih.gov/genomes/all/GCA/019/930/665/GCA_019930665.1_ASM1993066v1	ftp://ftp.ncbi.nlm.nih.gov/genomes/all/GCF/019/930/665/GCF_019930665.1_ASM1993066v1	ftp://ftp.ncbi.nlm.nih.gov/genomes/all/GCF/019/930/665/GCF_019930665.1_ASM1993066v1/GCF_019930665.1_ASM1993066v1_assembly_report.txt
GCF_019896115.1	818	818	Bacteroides thetaiotaomicron (CFB group bacteria)	Complete Genome	na	ftp://ftp.ncbi.nlm.nih.gov/genomes/all/GCA/019/896/115/GCA_019896115.1_ASM1989611v1	ftp://ftp.ncbi.nlm.nih.gov/genomes/all/GCF/019/896/115/GCF_019896115.1_ASM1989611v1	ftp://ftp.ncbi.nlm.nih.gov/genomes/all/GCF/019/896/115/GCF_019896115.1_ASM1989611v1/GCF_019896115.1_ASM1989611v1_assembly_report.txt
GCF_019857385.1	818	818	Bacteroides thetaiotaomicron (CFB group bacteria)	Complete Genome	na	ftp://ftp.ncbi.nlm.nih.gov/genomes/all/GCA/019/857/385/GCA_019857385.1_ASM1985738v1	ftp://ftp.ncbi.nlm.nih.gov/genomes/all/GCF/019/857/385/GCF_019857385.1_ASM1985738v1	ftp://ftp.ncbi.nlm.nih.gov/genomes/all/GCF/019/857/385/GCF_019857385.1_ASM1985738v1/GCF_019857385.1_ASM1985738v1_assembly_report.txt
GCF_018292205.1	997873	47678	Bacteroides caccae CL03T12C61 (CFB group bacteria)	Complete Genome	na	ftp://ftp.ncbi.nlm.nih.gov/genomes/all/GCA/018/292/205/GCA_018292205.1_ASM1829220v1	ftp://ftp.ncbi.nlm.nih.gov/genomes/all/GCF/018/292/205/GCF_018292205.1_ASM1829220v1	ftp://ftp.ncbi.nlm.nih.gov/genomes/all/GCF/018/292/205/GCF_018292205.1_ASM1829220v1/GCF_018292205.1_ASM1829220v1_assembly_report.txt
GCF_018292185.1	997879	817	Bacteroides fragilis CL03T12C07 (CFB group bacteria)	Complete Genome	na	ftp://ftp.ncbi.nlm.nih.gov/genomes/all/GCA/018/292/185/GCA_018292185.1_ASM1829218v1	ftp://ftp.ncbi.nlm.nih.gov/genomes/all/GCF/018/292/185/GCF_018292185.1_ASM1829218v1	ftp://ftp.ncbi.nlm.nih.gov/genomes/all/GCF/018/292/185/GCF_018292185.1_ASM1829218v1/GCF_018292185.1_ASM1829218v1_assembly_report.txt
GCF_018292165.1	997890	820	Bacteroides uniformis CL03T12C37 (CFB group bacteria)	Complete Genome	representative genome	ftp://ftp.ncbi.nlm.nih.gov/genomes/all/GCA/018/292/165/GCA_018292165.1_ASM1829216v1	ftp://ftp.ncbi.nlm.nih.gov/genomes/all/GCF/018/292/165/GCF_018292165.1_ASM1829216v1	ftp://ftp.ncbi.nlm.nih.gov/genomes/all/GCF/018/292/165/GCF_018292165.1_ASM1829216v1/GCF_018292165.1_ASM1829216v1_assembly_report.txt
GCF_018292125.1	246787	246787	Bacteroides cellulosilyticus (CFB group bacteria)	Complete Genome	representative genome	ftp://ftp.ncbi.nlm.nih.gov/genomes/all/GCA/018/292/125/GCA_018292125.1_ASM1829212v1	ftp://ftp.ncbi.nlm.nih.gov/genomes/all/GCF/018/292/125/GCF_018292125.1_ASM1829212v1	ftp://ftp.ncbi.nlm.nih.gov/genomes/all/GCF/018/292/125/GCF_018292125.1_ASM1829212v1/GCF_018292125.1_ASM1829212v1_assembly_report.txt
GCF_018292105.1	357276	357276	Phocaeicola dorei (CFB group bacteria)	Complete Genome	na	ftp://ftp.ncbi.nlm.nih.gov/genomes/all/GCA/018/292/105/GCA_018292105.1_ASM1829210v1	ftp://ftp.ncbi.nlm.nih.gov/genomes/all/GCF/018/292/105/GCF_018292105.1_ASM1829210v1	ftp://ftp.ncbi.nlm.nih.gov/genomes/all/GCF/018/292/105/GCF_018292105.1_ASM1829210v1/GCF_018292105.1_ASM1829210v1_assembly_report.txt
GCF_018292045.1	28116	28116	Bacteroides ovatus (CFB group bacteria)	Complete Genome	na	ftp://ftp.ncbi.nlm.nih.gov/genomes/all/GCA/018/292/045/GCA_018292045.1_ASM1829204v1	ftp://ftp.ncbi.nlm.nih.gov/genomes/all/GCF/018/292/045/GCF_018292045.1_ASM1829204v1	ftp://ftp.ncbi.nlm.nih.gov/genomes/all/GCF/018/292/045/GCF_018292045.1_ASM1829204v1/GCF_018292045.1_ASM1829204v1_assembly_report.txt
GCF_018291945.1	291644	291644	Bacteroides salyersiae (CFB group bacteria)	Complete Genome	na	ftp://ftp.ncbi.nlm.nih.gov/genomes/all/GCA/018/291/945/GCA_018291945.1_ASM1829194v1	ftp://ftp.ncbi.nlm.nih.gov/genomes/all/GCF/018/291/945/GCF_018291945.1_ASM1829194v1	ftp://ftp.ncbi.nlm.nih.gov/genomes/all/GCF/018/291/945/GCF_018291945.1_ASM1829194v1/GCF_018291945.1_ASM1829194v1_assembly_report.txt
GCF_018291825.1	818	818	Bacteroides thetaiotaomicron (CFB group bacteria)	Complete Genome	na	ftp://ftp.ncbi.nlm.nih.gov/genomes/all/GCA/018/291/825/GCA_018291825.1_ASM1829182v1	ftp://ftp.ncbi.nlm.nih.gov/genomes/all/GCF/018/291/825/GCF_018291825.1_ASM1829182v1	ftp://ftp.ncbi.nlm.nih.gov/genomes/all/GCF/018/291/825/GCF_018291825.1_ASM1829182v1/GCF_018291825.1_ASM1829182v1_assembly_report.txt
GCF_018291785.1	820	820	Bacteroides uniformis (CFB group bacteria)	Complete Genome	na	ftp://ftp.ncbi.nlm.nih.gov/genomes/all/GCA/018/291/785/GCA_018291785.1_ASM1829178v1	ftp://ftp.ncbi.nlm.nih.gov/genomes/all/GCF/018/291/785/GCF_018291785.1_ASM1829178v1	ftp://ftp.ncbi.nlm.nih.gov/genomes/all/GCF/018/291/785/GCF_018291785.1_ASM1829178v1/GCF_018291785.1_ASM1829178v1_assembly_report.txt
GCF_018289375.1	820	820	Bacteroides uniformis (CFB group bacteria)	Complete Genome	na	ftp://ftp.ncbi.nlm.nih.gov/genomes/all/GCA/018/289/375/GCA_018289375.1_ASM1828937v1	ftp://ftp.ncbi.nlm.nih.gov/genomes/all/GCF/018/289/375/GCF_018289375.1_ASM1828937v1	ftp://ftp.ncbi.nlm.nih.gov/genomes/all/GCF/018/289/375/GCF_018289375.1_ASM1828937v1/GCF_018289375.1_ASM1828937v1_assembly_report.txt
GCF_018289355.1	821	821	Phocaeicola vulgatus (CFB group bacteria)	Complete Genome	na	ftp://ftp.ncbi.nlm.nih.gov/genomes/all/GCA/018/289/355/GCA_018289355.1_ASM1828935v1	ftp://ftp.ncbi.nlm.nih.gov/genomes/all/GCF/018/289/355/GCF_018289355.1_ASM1828935v1	ftp://ftp.ncbi.nlm.nih.gov/genomes/all/GCF/018/289/355/GCF_018289355.1_ASM1828935v1/GCF_018289355.1_ASM1828935v1_assembly_report.txt
GCF_018289295.1	28111	28111	Bacteroides eggerthii (CFB group bacteria)	Complete Genome	na	ftp://ftp.ncbi.nlm.nih.gov/genomes/all/GCA/018/289/295/GCA_018289295.1_ASM1828929v1	ftp://ftp.ncbi.nlm.nih.gov/genomes/all/GCF/018/289/295/GCF_018289295.1_ASM1828929v1	ftp://ftp.ncbi.nlm.nih.gov/genomes/all/GCF/018/289/295/GCF_018289295.1_ASM1828929v1/GCF_018289295.1_ASM1828929v1_assembly_report.txt
GCF_018289275.1	818	818	Bacteroides thetaiotaomicron (CFB group bacteria)	Complete Genome	na	ftp://ftp.ncbi.nlm.nih.gov/genomes/all/GCA/018/289/275/GCA_018289275.1_ASM1828927v1	ftp://ftp.ncbi.nlm.nih.gov/genomes/all/GCF/018/289/275/GCF_018289275.1_ASM1828927v1	ftp://ftp.ncbi.nlm.nih.gov/genomes/all/GCF/018/289/275/GCF_018289275.1_ASM1828927v1/GCF_018289275.1_ASM1828927v1_assembly_report.txt
GCF_018289175.1	820	820	Bacteroides uniformis (CFB group bacteria)	Complete Genome	na	ftp://ftp.ncbi.nlm.nih.gov/genomes/all/GCA/018/289/175/GCA_018289175.1_ASM1828917v1	ftp://ftp.ncbi.nlm.nih.gov/genomes/all/GCF/018/289/175/GCF_018289175.1_ASM1828917v1	ftp://ftp.ncbi.nlm.nih.gov/genomes/all/GCF/018/289/175/GCF_018289175.1_ASM1828917v1/GCF_018289175.1_ASM1828917v1_assembly_report.txt
GCF_018289135.1	371601	371601	Bacteroides xylanisolvens (CFB group bacteria)	Complete Genome	representative genome	ftp://ftp.ncbi.nlm.nih.gov/genomes/all/GCA/018/289/135/GCA_018289135.1_ASM1828913v1	ftp://ftp.ncbi.nlm.nih.gov/genomes/all/GCF/018/289/135/GCF_018289135.1_ASM1828913v1	ftp://ftp.ncbi.nlm.nih.gov/genomes/all/GCF/018/289/135/GCF_018289135.1_ASM1828913v1/GCF_018289135.1_ASM1828913v1_assembly_report.txt
GCF_018289035.1	371601	371601	Bacteroides xylanisolvens (CFB group bacteria)	Complete Genome	na	ftp://ftp.ncbi.nlm.nih.gov/genomes/all/GCA/018/289/035/GCA_018289035.1_ASM1828903v1	ftp://ftp.ncbi.nlm.nih.gov/genomes/all/GCF/018/289/035/GCF_018289035.1_ASM1828903v1	ftp://ftp.ncbi.nlm.nih.gov/genomes/all/GCF/018/289/035/GCF_018289035.1_ASM1828903v1/GCF_018289035.1_ASM1828903v1_assembly_report.txt
GCF_018279805.1	371601	371601	Bacteroides xylanisolvens (CFB group bacteria)	Complete Genome	na	ftp://ftp.ncbi.nlm.nih.gov/genomes/all/GCA/018/279/805/GCA_018279805.1_ASM1827980v1	ftp://ftp.ncbi.nlm.nih.gov/genomes/all/GCF/018/279/805/GCF_018279805.1_ASM1827980v1	ftp://ftp.ncbi.nlm.nih.gov/genomes/all/GCF/018/279/805/GCF_018279805.1_ASM1827980v1/GCF_018279805.1_ASM1827980v1_assembly_report.txt
GCF_011038705.2	2709390	2709390	Bacteroides sp. ZJ-18 (CFB group bacteria)	Complete Genome	na	ftp://ftp.ncbi.nlm.nih.gov/genomes/all/GCA/011/038/705/GCA_011038705.2_ASM1103870v2	ftp://ftp.ncbi.nlm.nih.gov/genomes/all/GCF/011/038/705/GCF_011038705.2_ASM1103870v2	ftp://ftp.ncbi.nlm.nih.gov/genomes/all/GCF/011/038/705/GCF_011038705.2_ASM1103870v2/GCF_011038705.2_ASM1103870v2_assembly_report.txt
GCF_016889925.1	817	817	Bacteroides fragilis (CFB group bacteria)	Complete Genome	representative genome	ftp://ftp.ncbi.nlm.nih.gov/genomes/all/GCA/016/889/925/GCA_016889925.1_ASM1688992v1	ftp://ftp.ncbi.nlm.nih.gov/genomes/all/GCF/016/889/925/GCF_016889925.1_ASM1688992v1	ftp://ftp.ncbi.nlm.nih.gov/genomes/all/GCF/016/889/925/GCF_016889925.1_ASM1688992v1/GCF_016889925.1_ASM1688992v1_assembly_report.txt
GCF_016889745.1	47678	47678	Bacteroides caccae (CFB group bacteria)	Complete Genome	na	ftp://ftp.ncbi.nlm.nih.gov/genomes/all/GCA/016/889/745/GCA_016889745.1_ASM1688974v1	ftp://ftp.ncbi.nlm.nih.gov/genomes/all/GCF/016/889/745/GCF_016889745.1_ASM1688974v1	ftp://ftp.ncbi.nlm.nih.gov/genomes/all/GCF/016/889/745/GCF_016889745.1_ASM1688974v1/GCF_016889745.1_ASM1688974v1_assembly_report.txt
GCF_016888945.1	387090	387090	Phocaeicola coprophilus (CFB group bacteria)	Complete Genome	representative genome	ftp://ftp.ncbi.nlm.nih.gov/genomes/all/GCA/016/888/945/GCA_016888945.1_ASM1688894v1	ftp://ftp.ncbi.nlm.nih.gov/genomes/all/GCF/016/888/945/GCF_016888945.1_ASM1688894v1	ftp://ftp.ncbi.nlm.nih.gov/genomes/all/GCF/016/888/945/GCF_016888945.1_ASM1688894v1/GCF_016888945.1_ASM1688894v1_assembly_report.txt
GCF_016864615.1	817	817	Bacteroides fragilis (CFB group bacteria)	Complete Genome	na	ftp://ftp.ncbi.nlm.nih.gov/genomes/all/GCA/016/864/615/GCA_016864615.1_ASM1686461v1	ftp://ftp.ncbi.nlm.nih.gov/genomes/all/GCF/016/864/615/GCF_016864615.1_ASM1686461v1	ftp://ftp.ncbi.nlm.nih.gov/genomes/all/GCF/016/864/615/GCF_016864615.1_ASM1686461v1/GCF_016864615.1_ASM1686461v1_assembly_report.txt
GCF_016864215.1	371601	371601	Bacteroides xylanisolvens (CFB group bacteria)	Complete Genome	na	ftp://ftp.ncbi.nlm.nih.gov/genomes/all/GCA/016/864/215/GCA_016864215.1_ASM1686421v1	ftp://ftp.ncbi.nlm.nih.gov/genomes/all/GCF/016/864/215/GCF_016864215.1_ASM1686421v1	ftp://ftp.ncbi.nlm.nih.gov/genomes/all/GCF/016/864/215/GCF_016864215.1_ASM1686421v1/GCF_016864215.1_ASM1686421v1_assembly_report.txt
GCF_016726305.1	47678	47678	Bacteroides caccae (CFB group bacteria)	Complete Genome	na	ftp://ftp.ncbi.nlm.nih.gov/genomes/all/GCA/016/726/305/GCA_016726305.1_ASM1672630v1	ftp://ftp.ncbi.nlm.nih.gov/genomes/all/GCF/016/726/305/GCF_016726305.1_ASM1672630v1	ftp://ftp.ncbi.nlm.nih.gov/genomes/all/GCF/016/726/305/GCF_016726305.1_ASM1672630v1/GCF_016726305.1_ASM1672630v1_assembly_report.txt
GCF_015679285.1	2785531	2785531	Bacteroides sp. HF-162 (CFB group bacteria)	Complete Genome	na	ftp://ftp.ncbi.nlm.nih.gov/genomes/all/GCA/015/679/285/GCA_015679285.1_ASM1567928v1	ftp://ftp.ncbi.nlm.nih.gov/genomes/all/GCF/015/679/285/GCF_015679285.1_ASM1567928v1	ftp://ftp.ncbi.nlm.nih.gov/genomes/all/GCF/015/679/285/GCF_015679285.1_ASM1567928v1/GCF_015679285.1_ASM1567928v1_assembly_report.txt
GCF_004115325.2	2162637	2162637	Bacteroides sp. PHL 2737 (CFB group bacteria)	Complete Genome	na	ftp://ftp.ncbi.nlm.nih.gov/genomes/all/GCA/004/115/325/GCA_004115325.2_ASM411532v2	ftp://ftp.ncbi.nlm.nih.gov/genomes/all/GCF/004/115/325/GCF_004115325.2_ASM411532v2	ftp://ftp.ncbi.nlm.nih.gov/genomes/all/GCF/004/115/325/GCF_004115325.2_ASM411532v2/GCF_004115325.2_ASM411532v2_assembly_report.txt
GCF_009193295.2	2650158	2650158	Bacteroides luhongzhouii (CFB group bacteria)	Complete Genome	representative genome	ftp://ftp.ncbi.nlm.nih.gov/genomes/all/GCA/009/193/295/GCA_009193295.2_ASM919329v2	ftp://ftp.ncbi.nlm.nih.gov/genomes/all/GCF/009/193/295/GCF_009193295.2_ASM919329v2	ftp://ftp.ncbi.nlm.nih.gov/genomes/all/GCF/009/193/295/GCF_009193295.2_ASM919329v2/GCF_009193295.2_ASM919329v2_assembly_report.txt
GCF_009193325.2	2650157	2650157	Bacteroides zhangwenhongii (CFB group bacteria)	Complete Genome	na	ftp://ftp.ncbi.nlm.nih.gov/genomes/all/GCA/009/193/325/GCA_009193325.2_ASM919332v2	ftp://ftp.ncbi.nlm.nih.gov/genomes/all/GCF/009/193/325/GCF_009193325.2_ASM919332v2	ftp://ftp.ncbi.nlm.nih.gov/genomes/all/GCF/009/193/325/GCF_009193325.2_ASM919332v2/GCF_009193325.2_ASM919332v2_assembly_report.txt
GCF_014131755.1	818	818	Bacteroides thetaiotaomicron (CFB group bacteria)	Complete Genome	representative genome	ftp://ftp.ncbi.nlm.nih.gov/genomes/all/GCA/014/131/755/GCA_014131755.1_ASM1413175v1	ftp://ftp.ncbi.nlm.nih.gov/genomes/all/GCF/014/131/755/GCF_014131755.1_ASM1413175v1	ftp://ftp.ncbi.nlm.nih.gov/genomes/all/GCF/014/131/755/GCF_014131755.1_ASM1413175v1/GCF_014131755.1_ASM1413175v1_assembly_report.txt
GCF_013874375.1	2755405	2755405	Bacteroides sp. CACC 737 (CFB group bacteria)	Complete Genome	na	ftp://ftp.ncbi.nlm.nih.gov/genomes/all/GCA/013/874/375/GCA_013874375.1_ASM1387437v1	ftp://ftp.ncbi.nlm.nih.gov/genomes/all/GCF/013/874/375/GCF_013874375.1_ASM1387437v1	ftp://ftp.ncbi.nlm.nih.gov/genomes/all/GCF/013/874/375/GCF_013874375.1_ASM1387437v1/GCF_013874375.1_ASM1387437v1_assembly_report.txt
GCF_013267555.1	817	817	Bacteroides fragilis (CFB group bacteria)	Complete Genome	na	ftp://ftp.ncbi.nlm.nih.gov/genomes/all/GCA/013/267/555/GCA_013267555.1_ASM1326755v1	ftp://ftp.ncbi.nlm.nih.gov/genomes/all/GCF/013/267/555/GCF_013267555.1_ASM1326755v1	ftp://ftp.ncbi.nlm.nih.gov/genomes/all/GCF/013/267/555/GCF_013267555.1_ASM1326755v1/GCF_013267555.1_ASM1326755v1_assembly_report.txt
GCF_013010365.1	357276	357276	Phocaeicola dorei (CFB group bacteria)	Complete Genome	na	ftp://ftp.ncbi.nlm.nih.gov/genomes/all/GCA/013/010/365/GCA_013010365.1_ASM1301036v1	ftp://ftp.ncbi.nlm.nih.gov/genomes/all/GCF/013/010/365/GCF_013010365.1_ASM1301036v1	ftp://ftp.ncbi.nlm.nih.gov/genomes/all/GCF/013/010/365/GCF_013010365.1_ASM1301036v1/GCF_013010365.1_ASM1301036v1_assembly_report.txt
GCF_013010255.1	357276	357276	Phocaeicola dorei (CFB group bacteria)	Complete Genome	na	ftp://ftp.ncbi.nlm.nih.gov/genomes/all/GCA/013/010/255/GCA_013010255.1_ASM1301025v1	ftp://ftp.ncbi.nlm.nih.gov/genomes/all/GCF/013/010/255/GCF_013010255.1_ASM1301025v1	ftp://ftp.ncbi.nlm.nih.gov/genomes/all/GCF/013/010/255/GCF_013010255.1_ASM1301025v1/GCF_013010255.1_ASM1301025v1_assembly_report.txt
GCF_013010095.1	357276	357276	Phocaeicola dorei (CFB group bacteria)	Complete Genome	na	ftp://ftp.ncbi.nlm.nih.gov/genomes/all/GCA/013/010/095/GCA_013010095.1_ASM1301009v1	ftp://ftp.ncbi.nlm.nih.gov/genomes/all/GCF/013/010/095/GCF_013010095.1_ASM1301009v1	ftp://ftp.ncbi.nlm.nih.gov/genomes/all/GCF/013/010/095/GCF_013010095.1_ASM1301009v1/GCF_013010095.1_ASM1301009v1_assembly_report.txt
GCF_013009875.1	357276	357276	Phocaeicola dorei (CFB group bacteria)	Complete Genome	na	ftp://ftp.ncbi.nlm.nih.gov/genomes/all/GCA/013/009/875/GCA_013009875.1_ASM1300987v1	ftp://ftp.ncbi.nlm.nih.gov/genomes/all/GCF/013/009/875/GCF_013009875.1_ASM1300987v1	ftp://ftp.ncbi.nlm.nih.gov/genomes/all/GCF/013/009/875/GCF_013009875.1_ASM1300987v1/GCF_013009875.1_ASM1300987v1_assembly_report.txt
GCF_013009675.1	357276	357276	Phocaeicola dorei (CFB group bacteria)	Complete Genome	na	ftp://ftp.ncbi.nlm.nih.gov/genomes/all/GCA/013/009/675/GCA_013009675.1_ASM1300967v1	ftp://ftp.ncbi.nlm.nih.gov/genomes/all/GCF/013/009/675/GCF_013009675.1_ASM1300967v1	ftp://ftp.ncbi.nlm.nih.gov/genomes/all/GCF/013/009/675/GCF_013009675.1_ASM1300967v1/GCF_013009675.1_ASM1300967v1_assembly_report.txt
GCF_013009555.1	357276	357276	Phocaeicola dorei (CFB group bacteria)	Complete Genome	na	ftp://ftp.ncbi.nlm.nih.gov/genomes/all/GCA/013/009/555/GCA_013009555.1_ASM1300955v1	ftp://ftp.ncbi.nlm.nih.gov/genomes/all/GCF/013/009/555/GCF_013009555.1_ASM1300955v1	ftp://ftp.ncbi.nlm.nih.gov/genomes/all/GCF/013/009/555/GCF_013009555.1_ASM1300955v1/GCF_013009555.1_ASM1300955v1_assembly_report.txt
GCF_012113595.1	2715212	2715212	Bacteroides sp. CBA7301 (CFB group bacteria)	Complete Genome	na	ftp://ftp.ncbi.nlm.nih.gov/genomes/all/GCA/012/113/595/GCA_012113595.1_ASM1211359v1	ftp://ftp.ncbi.nlm.nih.gov/genomes/all/GCF/012/113/595/GCF_012113595.1_ASM1211359v1	ftp://ftp.ncbi.nlm.nih.gov/genomes/all/GCF/012/113/595/GCF_012113595.1_ASM1211359v1/GCF_012113595.1_ASM1211359v1_assembly_report.txt
GCF_009734165.1	28116	28116	Bacteroides ovatus (CFB group bacteria)	Complete Genome	na	ftp://ftp.ncbi.nlm.nih.gov/genomes/all/GCA/009/734/165/GCA_009734165.1_ASM973416v1	ftp://ftp.ncbi.nlm.nih.gov/genomes/all/GCF/009/734/165/GCF_009734165.1_ASM973416v1	ftp://ftp.ncbi.nlm.nih.gov/genomes/all/GCF/009/734/165/GCF_009734165.1_ASM973416v1/GCF_009734165.1_ASM973416v1_assembly_report.txt
GCF_008728395.1	821	821	Phocaeicola vulgatus (CFB group bacteria)	Complete Genome	na	ftp://ftp.ncbi.nlm.nih.gov/genomes/all/GCA/008/728/395/GCA_008728395.1_ASM872839v1	ftp://ftp.ncbi.nlm.nih.gov/genomes/all/GCF/008/728/395/GCF_008728395.1_ASM872839v1	ftp://ftp.ncbi.nlm.nih.gov/genomes/all/GCF/008/728/395/GCF_008728395.1_ASM872839v1/GCF_008728395.1_ASM872839v1_assembly_report.txt
GCF_008369705.1	817	817	Bacteroides fragilis (CFB group bacteria)	Complete Genome	na	ftp://ftp.ncbi.nlm.nih.gov/genomes/all/GCA/008/369/705/GCA_008369705.1_ASM836970v1	ftp://ftp.ncbi.nlm.nih.gov/genomes/all/GCF/008/369/705/GCF_008369705.1_ASM836970v1	ftp://ftp.ncbi.nlm.nih.gov/genomes/all/GCF/008/369/705/GCF_008369705.1_ASM836970v1/GCF_008369705.1_ASM836970v1_assembly_report.txt
GCF_902387545.1	357276	357276	Phocaeicola dorei (CFB group bacteria)	Complete Genome	representative genome	ftp://ftp.ncbi.nlm.nih.gov/genomes/all/GCA/902/387/545/GCA_902387545.1_UHGG_MGYG-HGUT-02478	ftp://ftp.ncbi.nlm.nih.gov/genomes/all/GCF/902/387/545/GCF_902387545.1_UHGG_MGYG-HGUT-02478	ftp://ftp.ncbi.nlm.nih.gov/genomes/all/GCF/902/387/545/GCF_902387545.1_UHGG_MGYG-HGUT-02478/GCF_902387545.1_UHGG_MGYG-HGUT-02478_assembly_report.txt
GCF_003363675.2	329854	329854	Bacteroides intestinalis (CFB group bacteria)	Complete Genome	na	ftp://ftp.ncbi.nlm.nih.gov/genomes/all/GCA/003/363/675/GCA_003363675.2_ASM336367v2	ftp://ftp.ncbi.nlm.nih.gov/genomes/all/GCF/003/363/675/GCF_003363675.2_ASM336367v2	ftp://ftp.ncbi.nlm.nih.gov/genomes/all/GCF/003/363/675/GCF_003363675.2_ASM336367v2/GCF_003363675.2_ASM336367v2_assembly_report.txt
GCF_007012325.1	28116	28116	Bacteroides ovatus (CFB group bacteria)	Complete Genome	na	ftp://ftp.ncbi.nlm.nih.gov/genomes/all/GCA/007/012/325/GCA_007012325.1_ASM701232v1	ftp://ftp.ncbi.nlm.nih.gov/genomes/all/GCF/007/012/325/GCF_007012325.1_ASM701232v1	ftp://ftp.ncbi.nlm.nih.gov/genomes/all/GCF/007/012/325/GCF_007012325.1_ASM701232v1/GCF_007012325.1_ASM701232v1_assembly_report.txt
GCF_006742345.1	820	820	Bacteroides uniformis (CFB group bacteria)	Complete Genome	na	ftp://ftp.ncbi.nlm.nih.gov/genomes/all/GCA/006/742/345/GCA_006742345.1_ASM674234v1	ftp://ftp.ncbi.nlm.nih.gov/genomes/all/GCF/006/742/345/GCF_006742345.1_ASM674234v1	ftp://ftp.ncbi.nlm.nih.gov/genomes/all/GCF/006/742/345/GCF_006742345.1_ASM674234v1/GCF_006742345.1_ASM674234v1_assembly_report.txt
GCF_006546965.1	371601	371601	Bacteroides xylanisolvens (CFB group bacteria)	Complete Genome	na	ftp://ftp.ncbi.nlm.nih.gov/genomes/all/GCA/006/546/965/GCA_006546965.1_ASM654696v1	ftp://ftp.ncbi.nlm.nih.gov/genomes/all/GCF/006/546/965/GCF_006546965.1_ASM654696v1	ftp://ftp.ncbi.nlm.nih.gov/genomes/all/GCF/006/546/965/GCF_006546965.1_ASM654696v1/GCF_006546965.1_ASM654696v1_assembly_report.txt
GCF_005706655.1	817	817	Bacteroides fragilis (CFB group bacteria)	Complete Genome	na	ftp://ftp.ncbi.nlm.nih.gov/genomes/all/GCA/005/706/655/GCA_005706655.1_ASM570665v1	ftp://ftp.ncbi.nlm.nih.gov/genomes/all/GCF/005/706/655/GCF_005706655.1_ASM570665v1	ftp://ftp.ncbi.nlm.nih.gov/genomes/all/GCF/005/706/655/GCF_005706655.1_ASM570665v1/GCF_005706655.1_ASM570665v1_assembly_report.txt
GCF_000724815.2	817	817	Bacteroides fragilis (CFB group bacteria)	Complete Genome	na	ftp://ftp.ncbi.nlm.nih.gov/genomes/all/GCA/000/724/815/GCA_000724815.2_ASM72481v2	ftp://ftp.ncbi.nlm.nih.gov/genomes/all/GCF/000/724/815/GCF_000724815.2_ASM72481v2	ftp://ftp.ncbi.nlm.nih.gov/genomes/all/GCF/000/724/815/GCF_000724815.2_ASM72481v2/GCF_000724815.2_ASM72481v2_assembly_report.txt
GCF_000724805.2	817	817	Bacteroides fragilis (CFB group bacteria)	Complete Genome	na	ftp://ftp.ncbi.nlm.nih.gov/genomes/all/GCA/000/724/805/GCA_000724805.2_ASM72480v2	ftp://ftp.ncbi.nlm.nih.gov/genomes/all/GCF/000/724/805/GCF_000724805.2_ASM72480v2	ftp://ftp.ncbi.nlm.nih.gov/genomes/all/GCF/000/724/805/GCF_000724805.2_ASM72480v2/GCF_000724805.2_ASM72480v2_assembly_report.txt
GCF_000724795.2	817	817	Bacteroides fragilis (CFB group bacteria)	Complete Genome	na	ftp://ftp.ncbi.nlm.nih.gov/genomes/all/GCA/000/724/795/GCA_000724795.2_ASM72479v2	ftp://ftp.ncbi.nlm.nih.gov/genomes/all/GCF/000/724/795/GCF_000724795.2_ASM72479v2	ftp://ftp.ncbi.nlm.nih.gov/genomes/all/GCF/000/724/795/GCF_000724795.2_ASM72479v2/GCF_000724795.2_ASM72479v2_assembly_report.txt
GCF_000710365.2	817	817	Bacteroides fragilis (CFB group bacteria)	Complete Genome	na	ftp://ftp.ncbi.nlm.nih.gov/genomes/all/GCA/000/710/365/GCA_000710365.3_ASM71036v3	ftp://ftp.ncbi.nlm.nih.gov/genomes/all/GCF/000/710/365/GCF_000710365.2_ASM71036v3	ftp://ftp.ncbi.nlm.nih.gov/genomes/all/GCF/000/710/365/GCF_000710365.2_ASM71036v3/GCF_000710365.2_ASM71036v3_assembly_report.txt
GCF_000724665.2	817	817	Bacteroides fragilis (CFB group bacteria)	Complete Genome	na	ftp://ftp.ncbi.nlm.nih.gov/genomes/all/GCA/000/724/665/GCA_000724665.3_ASM72466v3	ftp://ftp.ncbi.nlm.nih.gov/genomes/all/GCF/000/724/665/GCF_000724665.2_ASM72466v3	ftp://ftp.ncbi.nlm.nih.gov/genomes/all/GCF/000/724/665/GCF_000724665.2_ASM72466v3/GCF_000724665.2_ASM72466v3_assembly_report.txt
GCF_000710375.2	817	817	Bacteroides fragilis (CFB group bacteria)	Complete Genome	na	ftp://ftp.ncbi.nlm.nih.gov/genomes/all/GCA/000/710/375/GCA_000710375.3_ASM71037v3	ftp://ftp.ncbi.nlm.nih.gov/genomes/all/GCF/000/710/375/GCF_000710375.2_ASM71037v3	ftp://ftp.ncbi.nlm.nih.gov/genomes/all/GCF/000/710/375/GCF_000710375.2_ASM71037v3/GCF_000710375.2_ASM71037v3_assembly_report.txt
GCF_004328515.1	2528203	2528203	Bacteroides sp. A1C1 (CFB group bacteria)	Complete Genome	na	ftp://ftp.ncbi.nlm.nih.gov/genomes/all/GCA/004/328/515/GCA_004328515.1_ASM432851v1	ftp://ftp.ncbi.nlm.nih.gov/genomes/all/GCF/004/328/515/GCF_004328515.1_ASM432851v1	ftp://ftp.ncbi.nlm.nih.gov/genomes/all/GCF/004/328/515/GCF_004328515.1_ASM432851v1/GCF_004328515.1_ASM432851v1_assembly_report.txt
GCF_002998535.1	28113	28113	Bacteroides heparinolyticus (CFB group bacteria)	Complete Genome	representative genome	ftp://ftp.ncbi.nlm.nih.gov/genomes/all/GCA/002/998/535/GCA_002998535.1_ASM299853v1	ftp://ftp.ncbi.nlm.nih.gov/genomes/all/GCF/002/998/535/GCF_002998535.1_ASM299853v1	ftp://ftp.ncbi.nlm.nih.gov/genomes/all/GCF/002/998/535/GCF_002998535.1_ASM299853v1/GCF_002998535.1_ASM299853v1_assembly_report.txt
GCF_002998435.1	28119	28119	Bacteroides zoogleoformans (CFB group bacteria)	Complete Genome	representative genome	ftp://ftp.ncbi.nlm.nih.gov/genomes/all/GCA/002/998/435/GCA_002998435.1_ASM299843v1	ftp://ftp.ncbi.nlm.nih.gov/genomes/all/GCF/002/998/435/GCF_002998435.1_ASM299843v1	ftp://ftp.ncbi.nlm.nih.gov/genomes/all/GCF/002/998/435/GCF_002998435.1_ASM299843v1/GCF_002998435.1_ASM299843v1_assembly_report.txt
GCF_002849695.1	817	817	Bacteroides fragilis (CFB group bacteria)	Complete Genome	na	ftp://ftp.ncbi.nlm.nih.gov/genomes/all/GCA/002/849/695/GCA_002849695.1_ASM284969v1	ftp://ftp.ncbi.nlm.nih.gov/genomes/all/GCF/002/849/695/GCF_002849695.1_ASM284969v1	ftp://ftp.ncbi.nlm.nih.gov/genomes/all/GCF/002/849/695/GCF_002849695.1_ASM284969v1/GCF_002849695.1_ASM284969v1_assembly_report.txt
GCF_002222615.2	47678	47678	Bacteroides caccae (CFB group bacteria)	Complete Genome	na	ftp://ftp.ncbi.nlm.nih.gov/genomes/all/GCA/002/222/615/GCA_002222615.2_ASM222261v2	ftp://ftp.ncbi.nlm.nih.gov/genomes/all/GCF/002/222/615/GCF_002222615.2_ASM222261v2	ftp://ftp.ncbi.nlm.nih.gov/genomes/all/GCF/002/222/615/GCF_002222615.2_ASM222261v2/GCF_002222615.2_ASM222261v2_assembly_report.txt
GCF_001688725.2	1796613	1796613	Bacteroides caecimuris (CFB group bacteria)	Complete Genome	representative genome	ftp://ftp.ncbi.nlm.nih.gov/genomes/all/GCA/001/688/725/GCA_001688725.2_ASM168872v2	ftp://ftp.ncbi.nlm.nih.gov/genomes/all/GCF/001/688/725/GCF_001688725.2_ASM168872v2	ftp://ftp.ncbi.nlm.nih.gov/genomes/all/GCF/001/688/725/GCF_001688725.2_ASM168872v2/GCF_001688725.2_ASM168872v2_assembly_report.txt
GCF_900095495.1	1379690	28116	Bacteroides ovatus V975 (CFB group bacteria)	Complete Genome	na	ftp://ftp.ncbi.nlm.nih.gov/genomes/all/GCA/900/095/495/GCA_900095495.1_B_ovatus_V975	ftp://ftp.ncbi.nlm.nih.gov/genomes/all/GCF/900/095/495/GCF_900095495.1_B_ovatus_V975	ftp://ftp.ncbi.nlm.nih.gov/genomes/all/GCF/900/095/495/GCF_900095495.1_B_ovatus_V975/GCF_900095495.1_B_ovatus_V975_assembly_report.txt
GCF_001682215.1	817	817	Bacteroides fragilis (CFB group bacteria)	Complete Genome	na	ftp://ftp.ncbi.nlm.nih.gov/genomes/all/GCA/001/682/215/GCA_001682215.1_ASM168221v1	ftp://ftp.ncbi.nlm.nih.gov/genomes/all/GCF/001/682/215/GCF_001682215.1_ASM168221v1	ftp://ftp.ncbi.nlm.nih.gov/genomes/all/GCF/001/682/215/GCF_001682215.1_ASM168221v1/GCF_001682215.1_ASM168221v1_assembly_report.txt
GCF_001640865.1	997877	357276	Phocaeicola dorei CL03T12C01 (CFB group bacteria)	Complete Genome	na	ftp://ftp.ncbi.nlm.nih.gov/genomes/all/GCA/001/640/865/GCA_001640865.1_ASM164086v1	ftp://ftp.ncbi.nlm.nih.gov/genomes/all/GCF/001/640/865/GCF_001640865.1_ASM164086v1	ftp://ftp.ncbi.nlm.nih.gov/genomes/all/GCF/001/640/865/GCF_001640865.1_ASM164086v1/GCF_001640865.1_ASM164086v1_assembly_report.txt
GCF_001318345.1	246787	246787	Bacteroides cellulosilyticus (CFB group bacteria)	Complete Genome	na	ftp://ftp.ncbi.nlm.nih.gov/genomes/all/GCA/001/318/345/GCA_001318345.1_ASM131834v1	ftp://ftp.ncbi.nlm.nih.gov/genomes/all/GCF/001/318/345/GCF_001318345.1_ASM131834v1	ftp://ftp.ncbi.nlm.nih.gov/genomes/all/GCF/001/318/345/GCF_001318345.1_ASM131834v1/GCF_001318345.1_ASM131834v1_assembly_report.txt
GCF_001314995.1	28116	28116	Bacteroides ovatus (CFB group bacteria)	Complete Genome	representative genome	ftp://ftp.ncbi.nlm.nih.gov/genomes/all/GCA/001/314/995/GCA_001314995.1_ASM131499v1	ftp://ftp.ncbi.nlm.nih.gov/genomes/all/GCF/001/314/995/GCF_001314995.1_ASM131499v1	ftp://ftp.ncbi.nlm.nih.gov/genomes/all/GCF/001/314/995/GCF_001314995.1_ASM131499v1/GCF_001314995.1_ASM131499v1_assembly_report.txt
GCF_001314975.1	818	818	Bacteroides thetaiotaomicron (CFB group bacteria)	Complete Genome	na	ftp://ftp.ncbi.nlm.nih.gov/genomes/all/GCA/001/314/975/GCA_001314975.1_ASM131497v1	ftp://ftp.ncbi.nlm.nih.gov/genomes/all/GCF/001/314/975/GCF_001314975.1_ASM131497v1	ftp://ftp.ncbi.nlm.nih.gov/genomes/all/GCF/001/314/975/GCF_001314975.1_ASM131497v1/GCF_001314975.1_ASM131497v1_assembly_report.txt
GCF_001286525.1	817	817	Bacteroides fragilis (CFB group bacteria)	Complete Genome	na	ftp://ftp.ncbi.nlm.nih.gov/genomes/all/GCA/001/286/525/GCA_001286525.1_BFBE1.1	ftp://ftp.ncbi.nlm.nih.gov/genomes/all/GCF/001/286/525/GCF_001286525.1_BFBE1.1	ftp://ftp.ncbi.nlm.nih.gov/genomes/all/GCF/001/286/525/GCF_001286525.1_BFBE1.1/GCF_001286525.1_BFBE1.1_assembly_report.txt
GCA_001274835.1	357276	357276	Phocaeicola dorei (CFB group bacteria)	Complete Genome	na	ftp://ftp.ncbi.nlm.nih.gov/genomes/all/GCA/001/274/835/GCA_001274835.1_ASM127483v1	NA	ftp://ftp.ncbi.nlm.nih.gov/genomes/all/GCA/001/274/835/GCA_001274835.1_ASM127483v1/GCA_001274835.1_ASM127483v1_assembly_report.txt
GCF_000210835.1	862962	817	Bacteroides fragilis 638R (CFB group bacteria)	Complete Genome	na	ftp://ftp.ncbi.nlm.nih.gov/genomes/all/GCA/000/210/835/GCA_000210835.1_ASM21083v1	ftp://ftp.ncbi.nlm.nih.gov/genomes/all/GCF/000/210/835/GCF_000210835.1_ASM21083v1	ftp://ftp.ncbi.nlm.nih.gov/genomes/all/GCF/000/210/835/GCF_000210835.1_ASM21083v1/GCF_000210835.1_ASM21083v1_assembly_report.txt
GCF_000965785.1	817	817	Bacteroides fragilis (CFB group bacteria)	Complete Genome	na	ftp://ftp.ncbi.nlm.nih.gov/genomes/all/GCA/000/965/785/GCA_000965785.1_ASM96578v1	ftp://ftp.ncbi.nlm.nih.gov/genomes/all/GCF/000/965/785/GCF_000965785.1_ASM96578v1	ftp://ftp.ncbi.nlm.nih.gov/genomes/all/GCF/000/965/785/GCF_000965785.1_ASM96578v1/GCF_000965785.1_ASM96578v1_assembly_report.txt
GCF_000190575.1	667015	376805	Phocaeicola salanitronis DSM 18170 (CFB group bacteria)	Complete Genome	representative genome	ftp://ftp.ncbi.nlm.nih.gov/genomes/all/GCA/000/190/575/GCA_000190575.1_ASM19057v1	ftp://ftp.ncbi.nlm.nih.gov/genomes/all/GCF/000/190/575/GCF_000190575.1_ASM19057v1	ftp://ftp.ncbi.nlm.nih.gov/genomes/all/GCF/000/190/575/GCF_000190575.1_ASM19057v1/GCF_000190575.1_ASM19057v1_assembly_report.txt
GCF_000186225.1	693979	290053	Bacteroides helcogenes P 36-108 (CFB group bacteria)	Complete Genome	representative genome	ftp://ftp.ncbi.nlm.nih.gov/genomes/all/GCA/000/186/225/GCA_000186225.1_ASM18622v1	ftp://ftp.ncbi.nlm.nih.gov/genomes/all/GCF/000/186/225/GCF_000186225.1_ASM18622v1	ftp://ftp.ncbi.nlm.nih.gov/genomes/all/GCF/000/186/225/GCF_000186225.1_ASM18622v1/GCF_000186225.1_ASM18622v1_assembly_report.txt
GCF_000738065.1	357276	357276	Phocaeicola dorei (CFB group bacteria)	Complete Genome	na	ftp://ftp.ncbi.nlm.nih.gov/genomes/all/GCA/000/738/065/GCA_000738065.1_ASM73806v1	ftp://ftp.ncbi.nlm.nih.gov/genomes/all/GCF/000/738/065/GCF_000738065.1_ASM73806v1	ftp://ftp.ncbi.nlm.nih.gov/genomes/all/GCF/000/738/065/GCF_000738065.1_ASM73806v1/GCF_000738065.1_ASM73806v1_assembly_report.txt
GCF_000738045.1	357276	357276	Phocaeicola dorei (CFB group bacteria)	Complete Genome	na	ftp://ftp.ncbi.nlm.nih.gov/genomes/all/GCA/000/738/045/GCA_000738045.1_ASM73804v1	ftp://ftp.ncbi.nlm.nih.gov/genomes/all/GCF/000/738/045/GCF_000738045.1_ASM73804v1	ftp://ftp.ncbi.nlm.nih.gov/genomes/all/GCF/000/738/045/GCF_000738045.1_ASM73804v1/GCF_000738045.1_ASM73804v1_assembly_report.txt
GCF_000025985.1	272559	817	Bacteroides fragilis NCTC 9343 (CFB group bacteria)	Complete Genome	na	ftp://ftp.ncbi.nlm.nih.gov/genomes/all/GCA/000/025/985/GCA_000025985.1_ASM2598v1	ftp://ftp.ncbi.nlm.nih.gov/genomes/all/GCF/000/025/985/GCF_000025985.1_ASM2598v1	ftp://ftp.ncbi.nlm.nih.gov/genomes/all/GCF/000/025/985/GCF_000025985.1_ASM2598v1/GCF_000025985.1_ASM2598v1_assembly_report.txt
GCF_000012825.1	435590	821	Phocaeicola vulgatus ATCC 8482 (CFB group bacteria)	Complete Genome	na	ftp://ftp.ncbi.nlm.nih.gov/genomes/all/GCA/000/012/825/GCA_000012825.1_ASM1282v1	ftp://ftp.ncbi.nlm.nih.gov/genomes/all/GCF/000/012/825/GCF_000012825.1_ASM1282v1	ftp://ftp.ncbi.nlm.nih.gov/genomes/all/GCF/000/012/825/GCF_000012825.1_ASM1282v1/GCF_000012825.1_ASM1282v1_assembly_report.txt
GCF_000011065.1	226186	818	Bacteroides thetaiotaomicron VPI-5482 (CFB group bacteria)	Complete Genome	na	ftp://ftp.ncbi.nlm.nih.gov/genomes/all/GCA/000/011/065/GCA_000011065.1_ASM1106v1	ftp://ftp.ncbi.nlm.nih.gov/genomes/all/GCF/000/011/065/GCF_000011065.1_ASM1106v1	ftp://ftp.ncbi.nlm.nih.gov/genomes/all/GCF/000/011/065/GCF_000011065.1_ASM1106v1/GCF_000011065.1_ASM1106v1_assembly_report.txt
GCF_000009925.1	295405	817	Bacteroides fragilis YCH46 (CFB group bacteria)	Complete Genome	na	ftp://ftp.ncbi.nlm.nih.gov/genomes/all/GCA/000/009/925/GCA_000009925.1_ASM992v1	ftp://ftp.ncbi.nlm.nih.gov/genomes/all/GCF/000/009/925/GCF_000009925.1_ASM992v1	ftp://ftp.ncbi.nlm.nih.gov/genomes/all/GCF/000/009/925/GCF_000009925.1_ASM992v1/GCF_000009925.1_ASM992v1_assembly_report.txt
